{
  "data_preparation": {
    "dataset": "Kaggle Weather Dataset",
    "target_variables": [
      "temperature_2m_mean",
      "temperature_2m_min",
      "temperature_2m_max"
    ],
    "train_samples": 1760,
    "test_samples": 441,
    "feature_count": 22
  },
  "models_performance": {
    "LinearRegression": {
      "temperature_2m_mean_train_rmse": 0.8886422243570117,
      "temperature_2m_mean_test_rmse": 1.0109752395731377,
      "temperature_2m_mean_train_mae": 0.7039032923590588,
      "temperature_2m_mean_test_mae": 0.7839415085464456,
      "temperature_2m_mean_train_r2": 0.9826014361948475,
      "temperature_2m_mean_test_r2": 0.9789996508979159,
      "temperature_2m_min_train_rmse": 1.7590688554640777,
      "temperature_2m_min_test_rmse": 1.9397137184888193,
      "temperature_2m_min_train_mae": 1.3958378336400192,
      "temperature_2m_min_test_mae": 1.4897240238425429,
      "temperature_2m_min_train_r2": 0.910221467429041,
      "temperature_2m_min_test_r2": 0.8953969824221423,
      "temperature_2m_max_train_rmse": 3.116688359201245e-14,
      "temperature_2m_max_test_rmse": 3.872191460133925e-14,
      "temperature_2m_max_train_mae": 2.632036003288621e-14,
      "temperature_2m_max_test_mae": 3.390787273032043e-14,
      "temperature_2m_max_train_r2": 1.0,
      "temperature_2m_max_test_r2": 1.0,
      "avg_test_rmse": 0.9835629860206653,
      "avg_test_mae": 0.7578885107963407,
      "avg_test_r2": 0.958132211106686
    },
    "GradientBoosting": {
      "temperature_2m_mean_train_rmse": 0.17863060102635256,
      "temperature_2m_mean_test_rmse": 1.1022285495881292,
      "temperature_2m_mean_train_mae": 0.1390293541227849,
      "temperature_2m_mean_test_mae": 0.861493183586968,
      "temperature_2m_mean_train_r2": 0.9992969742557992,
      "temperature_2m_mean_test_r2": 0.9750374592032023,
      "temperature_2m_min_train_rmse": 0.3972614864893685,
      "temperature_2m_min_test_rmse": 1.9917534453493764,
      "temperature_2m_min_train_mae": 0.3102009980195875,
      "temperature_2m_min_test_mae": 1.57534808443075,
      "temperature_2m_min_train_r2": 0.9954211148509641,
      "temperature_2m_min_test_r2": 0.8897089953622932,
      "temperature_2m_max_train_rmse": 0.07845761870782306,
      "temperature_2m_max_test_rmse": 0.4959693496563927,
      "temperature_2m_max_train_mae": 0.06198097915361675,
      "temperature_2m_max_test_mae": 0.3633993723696269,
      "temperature_2m_max_train_r2": 0.9998916549084698,
      "temperature_2m_max_test_r2": 0.9960576518295728,
      "avg_test_rmse": 1.196650448197966,
      "avg_test_mae": 0.9334135467957817,
      "avg_test_r2": 0.9536013687983561
    },
    "RandomForest": {
      "temperature_2m_mean_train_rmse": 0.3523529793232349,
      "temperature_2m_mean_test_rmse": 1.11170764595608,
      "temperature_2m_mean_train_mae": 0.2698690711462457,
      "temperature_2m_mean_test_mae": 0.866931216931217,
      "temperature_2m_mean_train_r2": 0.9972646342425853,
      "temperature_2m_mean_test_r2": 0.9746062604314315,
      "temperature_2m_min_train_rmse": 0.6157768075989438,
      "temperature_2m_min_test_rmse": 2.066759022588856,
      "temperature_2m_min_train_mae": 0.47040884387351783,
      "temperature_2m_min_test_mae": 1.6639521509086728,
      "temperature_2m_min_train_r2": 0.9889984600733586,
      "temperature_2m_min_test_r2": 0.8812458971509575,
      "temperature_2m_max_train_rmse": 0.34649341334503503,
      "temperature_2m_max_test_rmse": 0.8602833897470339,
      "temperature_2m_max_train_mae": 0.25221549736495397,
      "temperature_2m_max_test_mae": 0.6324739557658814,
      "temperature_2m_max_train_r2": 0.9978868566361188,
      "temperature_2m_max_test_r2": 0.9881388069322026,
      "avg_test_rmse": 1.3462500194306566,
      "avg_test_mae": 1.0544524412019236,
      "avg_test_r2": 0.9479969881715306
    }
  },
  "best_model": "LinearRegression",
  "best_hyperparameters": {
    "n_estimators": 138,
    "max_depth": 25,
    "min_samples_split": 2,
    "min_samples_leaf": 1,
    "random_state": 42
  },
  "training_times": {
    "LinearRegression": 8.362539052963257,
    "GradientBoosting": 12.782554864883423,
    "RandomForest": 88.97497916221619
  },
  "selection_method": "advanced_composite_score",
  "model_selection_details": {
    "best_model": "LinearRegression",
    "best_score": 100.0,
    "all_scores": {
      "LinearRegression": {
        "composite_score": 100.0,
        "rmse_score": 100.0,
        "r2_score": 100.0,
        "mae_score": 100.0,
        "time_score": 100.0,
        "metrics": {
          "temperature_2m_mean_train_rmse": 0.8886422243570117,
          "temperature_2m_mean_test_rmse": 1.0109752395731377,
          "temperature_2m_mean_train_mae": 0.7039032923590588,
          "temperature_2m_mean_test_mae": 0.7839415085464456,
          "temperature_2m_mean_train_r2": 0.9826014361948475,
          "temperature_2m_mean_test_r2": 0.9789996508979159,
          "temperature_2m_min_train_rmse": 1.7590688554640777,
          "temperature_2m_min_test_rmse": 1.9397137184888193,
          "temperature_2m_min_train_mae": 1.3958378336400192,
          "temperature_2m_min_test_mae": 1.4897240238425429,
          "temperature_2m_min_train_r2": 0.910221467429041,
          "temperature_2m_min_test_r2": 0.8953969824221423,
          "temperature_2m_max_train_rmse": 3.116688359201245e-14,
          "temperature_2m_max_test_rmse": 3.872191460133925e-14,
          "temperature_2m_max_train_mae": 2.632036003288621e-14,
          "temperature_2m_max_test_mae": 3.390787273032043e-14,
          "temperature_2m_max_train_r2": 1.0,
          "temperature_2m_max_test_r2": 1.0,
          "avg_test_rmse": 0.9835629860206653,
          "avg_test_mae": 0.7578885107963407,
          "avg_test_r2": 0.958132211106686
        },
        "training_time": 8.362539052963257
      },
      "GradientBoosting": {
        "composite_score": 50.70229691160842,
        "rmse_score": 41.24756538058505,
        "r2_score": 55.29607649167706,
        "mae_score": 40.81376121519844,
        "time_score": 94.51695568831587,
        "metrics": {
          "temperature_2m_mean_train_rmse": 0.17863060102635256,
          "temperature_2m_mean_test_rmse": 1.1022285495881292,
          "temperature_2m_mean_train_mae": 0.1390293541227849,
          "temperature_2m_mean_test_mae": 0.861493183586968,
          "temperature_2m_mean_train_r2": 0.9992969742557992,
          "temperature_2m_mean_test_r2": 0.9750374592032023,
          "temperature_2m_min_train_rmse": 0.3972614864893685,
          "temperature_2m_min_test_rmse": 1.9917534453493764,
          "temperature_2m_min_train_mae": 0.3102009980195875,
          "temperature_2m_min_test_mae": 1.57534808443075,
          "temperature_2m_min_train_r2": 0.9954211148509641,
          "temperature_2m_min_test_r2": 0.8897089953622932,
          "temperature_2m_max_train_rmse": 0.07845761870782306,
          "temperature_2m_max_test_rmse": 0.4959693496563927,
          "temperature_2m_max_train_mae": 0.06198097915361675,
          "temperature_2m_max_test_mae": 0.3633993723696269,
          "temperature_2m_max_train_r2": 0.9998916549084698,
          "temperature_2m_max_test_r2": 0.9960576518295728,
          "avg_test_rmse": 1.196650448197966,
          "avg_test_mae": 0.9334135467957817,
          "avg_test_r2": 0.9536013687983561
        },
        "training_time": 12.782554864883423
      },
      "RandomForest": {
        "composite_score": 0.0,
        "rmse_score": 0.0,
        "r2_score": 0.0,
        "mae_score": 0.0,
        "time_score": 0.0,
        "metrics": {
          "temperature_2m_mean_train_rmse": 0.3523529793232349,
          "temperature_2m_mean_test_rmse": 1.11170764595608,
          "temperature_2m_mean_train_mae": 0.2698690711462457,
          "temperature_2m_mean_test_mae": 0.866931216931217,
          "temperature_2m_mean_train_r2": 0.9972646342425853,
          "temperature_2m_mean_test_r2": 0.9746062604314315,